hours,t1,t2,t3,t4,t5,t6,tav,bot,mid,top
0,23.25,24.81,24.4,24.38,24.12,23.5,24.08,24.03,24.39,23.81
0.25,23.81,25.19,24.96,25,24.62,24.12,24.62,24.5,24.98,24.37
0.5,24.31,25.75,25.59,25.69,25.19,24.75,25.21,25.03,25.64,24.97
0.75,24.81,26.31,26.34,26.38,25.88,25.31,25.84,25.56,26.36,25.6
1,25.31,26.88,27.09,27.12,26.62,26.06,26.52,26.1,27.11,26.34
1.25,25.69,27.44,27.84,27.94,27.38,26.94,27.21,26.57,27.89,27.16
1.5,26,27.94,28.71,28.75,28.31,27.81,27.92,26.97,28.73,28.06
1.75,26.38,28.38,29.52,29.56,29.31,28.81,28.66,27.38,29.54,29.06
2,26.62,28.75,30.4,30.5,30.31,29.81,29.4,27.69,30.45,30.06
2.25,26.88,29.19,31.27,31.44,31.44,30.94,30.2,28.04,31.36,31.19
2.5,27.12,29.44,32.21,32.31,32.69,32.19,30.99,28.28,32.26,32.44
2.75,27.31,29.75,33.09,33.19,34,33.5,31.81,28.53,33.14,33.75
3,27.5,30.06,33.96,34.06,35.38,34.88,32.64,28.78,34.01,35.13
3.25,27.69,30.38,34.84,34.94,36.75,36.31,33.49,29.04,34.89,36.53
3.5,27.88,30.62,35.77,35.81,38.06,37.75,34.32,29.25,35.79,37.91
3.75,28.12,31,36.71,36.75,39.31,39.19,35.18,29.56,36.73,39.25
4,28.38,31.38,37.59,37.62,40.56,40.5,36.01,29.88,37.61,40.53
4.25,28.62,31.75,38.46,38.44,41.69,41.81,36.8,30.19,38.45,41.75
4.5,28.94,32.12,39.27,39.25,42.69,42.94,37.54,30.53,39.26,42.82
4.75,29.19,32.5,40.15,40.06,43.62,43.88,38.24,30.85,40.11,43.75
5,29.44,32.94,41.02,40.81,44.38,44.69,38.88,31.19,40.92,44.54
5.25,29.81,33.44,41.77,41.62,45,45.31,39.5,31.63,41.7,45.16
5.5,30.12,34,42.52,42.31,45.56,45.81,40.06,32.06,42.42,45.69
5.75,30.56,34.5,43.21,43,45.94,46.12,40.56,32.53,43.11,46.03
6,30.88,35.06,43.77,43.56,46.12,46.38,40.96,32.97,43.67,46.25
6.25,31.31,35.56,44.34,44.19,46.25,46.5,41.36,33.44,44.27,46.38
6.5,31.75,36.12,44.84,44.62,46.31,46.56,41.7,33.94,44.73,46.44
6.75,32.19,36.62,45.21,45.06,46.19,46.5,41.97,34.41,45.14,46.35
7,32.62,37.25,45.52,45.5,46.12,46.38,42.23,34.94,45.51,46.25
7.25,33.06,37.81,45.77,45.75,45.94,46.25,42.43,35.44,45.76,46.1
7.5,33.5,38.31,46.02,45.94,45.75,46.06,42.6,35.91,45.98,45.91
7.75,34,38.88,46.15,46.06,45.5,45.88,42.75,36.44,46.11,45.69
8,34.5,39.44,46.21,46.12,45.31,45.69,42.88,36.97,46.17,45.5
8.25,35,40,46.21,46.12,45.06,45.5,42.98,37.5,46.17,45.28
8.5,35.5,40.5,46.21,46.12,44.88,45.38,43.1,38,46.17,45.13
8.75,36,41,46.27,46.12,44.75,45.25,43.23,38.5,46.2,45
9,36.5,41.38,46.21,46.12,44.56,45.06,43.31,38.94,46.17,44.81
9.25,37.06,41.88,46.27,46.06,44.44,45,43.45,39.47,46.17,44.72
9.5,37.5,42.25,46.27,46.12,44.25,44.94,43.56,39.88,46.2,44.6
9.75,38.06,42.62,46.27,46.06,44.25,44.94,43.7,40.34,46.17,44.6
10,38.56,42.94,46.27,46.06,44.12,44.81,43.8,40.75,46.17,44.47
10.25,39,43.31,46.34,46.06,44.12,44.88,43.95,41.16,46.2,44.5
10.5,39.5,43.56,46.34,46.06,44.19,44.94,44.1,41.53,46.2,44.57
10.75,39.94,43.88,46.4,46.06,44.12,44.94,44.22,41.91,46.23,44.53
11,40.38,44.25,46.46,46.12,44.19,45,44.4,42.32,46.29,44.6
11.25,40.75,44.44,46.59,46.12,44.19,45.12,44.54,42.6,46.36,44.66
11.5,41.12,44.69,46.71,46.19,44.25,45.19,44.69,42.91,46.45,44.72
11.75,41.5,44.88,46.71,46.31,44.38,45.31,44.85,43.19,46.51,44.85
12,41.88,45.06,46.84,46.38,44.5,45.44,45.02,43.47,46.61,44.97
12.25,42.19,45.25,46.96,46.44,44.5,45.56,45.15,43.72,46.7,45.03
12.5,42.56,45.44,47.15,46.56,44.62,45.69,45.34,44,46.86,45.16
12.75,42.88,45.56,47.21,46.62,44.75,45.88,45.49,44.22,46.92,45.32
13,43.12,45.75,47.4,46.75,44.88,46,45.65,44.44,47.08,45.44
13.25,43.38,45.94,47.46,46.88,44.94,46.12,45.79,44.66,47.17,45.53
13.5,43.62,46.06,47.59,47,45.12,46.31,45.95,44.84,47.3,45.72
13.75,43.88,46.19,47.77,47.12,45.31,46.5,46.13,45.04,47.45,45.91
14,44.06,46.38,47.9,47.25,45.44,46.62,46.28,45.22,47.58,46.03
14.25,44.25,46.5,48.09,47.38,45.56,46.75,46.43,45.38,47.74,46.16
14.5,44.44,46.56,48.21,47.56,45.69,46.94,46.57,45.5,47.89,46.32
14.75,44.62,46.69,48.34,47.69,45.88,47.06,46.72,45.66,48.02,46.47
15,44.75,46.81,48.46,47.81,45.94,47.25,46.84,45.78,48.14,46.6
15.25,44.88,46.94,48.59,47.94,46.12,47.38,46.98,45.91,48.27,46.75
15.5,45,47,48.77,48.12,46.25,47.5,47.11,46,48.45,46.88
15.75,45.06,47.12,48.84,48.25,46.38,47.62,47.21,46.09,48.55,47
16,45.19,47.12,49.02,48.38,46.56,47.75,47.34,46.16,48.7,47.16
16.25,45.25,47.25,49.15,48.56,46.69,47.88,47.47,46.25,48.86,47.29
16.5,45.25,47.31,49.27,48.62,46.75,48,47.54,46.28,48.95,47.38
16.75,45.38,47.44,49.4,48.81,46.88,48.06,47.66,46.41,49.11,47.47
17,45.38,47.5,49.46,48.88,46.94,48.12,47.71,46.44,49.17,47.53
17.25,45.44,47.5,49.52,49,47.06,48.19,47.79,46.47,49.26,47.63
17.5,45.44,47.62,49.59,49.06,47.12,48.25,47.85,46.53,49.33,47.69
17.75,45.44,47.62,49.71,49.19,47.19,48.31,47.91,46.53,49.45,47.75
18,45.5,47.75,49.71,49.25,47.25,48.38,47.98,46.63,49.48,47.82
18.25,45.5,47.75,49.71,49.31,47.25,48.38,47.99,46.63,49.51,47.82
18.5,45.44,47.75,49.84,49.38,47.31,48.44,48.03,46.6,49.61,47.88
18.75,45.5,47.88,49.9,49.38,47.38,48.44,48.08,46.69,49.64,47.91
19,45.5,47.88,49.84,49.5,47.38,48.5,48.1,46.69,49.67,47.94
19.25,45.5,47.88,49.84,49.5,47.38,48.44,48.09,46.69,49.67,47.91
19.5,45.44,47.88,49.84,49.5,47.31,48.44,48.07,46.66,49.67,47.88
19.75,45.44,47.88,49.77,49.5,47.31,48.38,48.05,46.66,49.64,47.85
20,45.44,47.94,49.84,49.5,47.31,48.31,48.06,46.69,49.67,47.81
20.25,45.44,47.94,49.84,49.5,47.25,48.25,48.04,46.69,49.67,47.75
20.5,45.38,47.88,49.77,49.5,47.12,48.19,47.98,46.63,49.64,47.66
20.75,45.38,47.88,49.71,49.44,47.12,48.12,47.94,46.63,49.58,47.62
21,45.31,47.88,49.65,49.44,47,48.06,47.89,46.6,49.55,47.53
21.25,45.31,47.75,49.65,49.38,47.06,48,47.86,46.53,49.52,47.53
21.5,45.31,47.81,49.59,49.31,46.94,48,47.83,46.56,49.45,47.47
21.75,45.31,47.75,49.52,49.31,46.88,47.88,47.78,46.53,49.42,47.38
22,45.25,47.75,49.46,49.25,46.88,47.81,47.74,46.5,49.36,47.35
22.25,45.25,47.69,49.4,49.19,46.75,47.75,47.67,46.47,49.3,47.25
22.5,45.25,47.69,49.34,49.06,46.62,47.69,47.61,46.47,49.2,47.16
22.75,45.19,47.62,49.27,49.06,46.56,47.56,47.55,46.41,49.17,47.06
23,45.19,47.56,49.21,49,46.5,47.44,47.49,46.38,49.11,46.97
23.25,45.12,47.56,49.15,48.94,46.31,47.38,47.41,46.34,49.05,46.85
23.5,45.06,47.56,49.09,48.88,46.31,47.25,47.36,46.31,48.99,46.78
23.75,45.06,47.5,49.02,48.75,46.19,47.12,47.28,46.28,48.89,46.66
24,45,47.38,48.96,48.69,46.06,47.06,47.19,46.19,48.83,46.56
24.25,45,47.44,48.96,48.62,45.94,46.94,47.15,46.22,48.79,46.44
24.5,44.94,47.38,48.9,48.56,45.88,46.88,47.09,46.16,48.73,46.38
24.75,44.94,47.31,48.77,48.44,45.75,46.75,47,46.13,48.61,46.25
25,44.88,47.31,48.71,48.38,45.69,46.69,46.95,46.1,48.55,46.19
25.25,44.81,47.19,48.65,48.25,45.56,46.56,46.84,46,48.45,46.06
25.5,44.81,47.19,48.52,48.19,45.44,46.44,46.77,46,48.36,45.94
25.75,44.75,47.12,48.46,48.12,45.31,46.38,46.69,45.94,48.29,45.85
26,44.75,47.06,48.46,48.06,45.25,46.25,46.64,45.91,48.26,45.75
26.25,44.69,47,48.34,48,45.19,46.12,46.56,45.85,48.17,45.66
26.5,44.69,46.94,48.27,47.88,45.06,46.06,46.49,45.82,48.08,45.56
26.75,44.69,46.88,48.15,47.81,45,46,46.42,45.79,47.98,45.5
27,44.62,46.88,48.09,47.81,44.88,45.88,46.36,45.75,47.95,45.38
27.25,44.56,46.88,48.09,47.75,44.81,45.81,46.32,45.72,47.92,45.31
27.5,44.5,46.81,47.96,47.69,44.69,45.75,46.24,45.66,47.83,45.22
27.75,44.5,46.75,47.9,47.62,44.62,45.62,46.17,45.63,47.76,45.12
28,44.44,46.69,47.84,47.56,44.56,45.56,46.11,45.57,47.7,45.06
28.25,44.44,46.75,47.77,47.5,44.44,45.5,46.07,45.6,47.64,44.97
28.5,44.44,46.62,47.84,47.44,44.31,45.44,46.02,45.53,47.64,44.88
28.75,44.38,46.62,47.71,47.38,44.25,45.38,45.96,45.5,47.55,44.82
29,44.38,46.56,47.71,47.31,44.19,45.25,45.9,45.47,47.51,44.72
29.25,44.38,46.56,47.65,47.25,44.12,45.25,45.87,45.47,47.45,44.69
29.5,44.38,46.56,47.65,47.19,44,45.12,45.82,45.47,47.42,44.56
29.75,44.31,46.5,47.52,47.19,43.94,45.06,45.76,45.41,47.36,44.5
30,44.31,46.5,47.52,47.19,43.88,45,45.74,45.41,47.36,44.44
30.25,44.31,46.5,47.52,47.06,43.81,44.94,45.69,45.41,47.29,44.38
30.5,44.31,46.5,47.4,47.06,43.75,44.94,45.66,45.41,47.23,44.35
30.75,44.31,46.5,47.46,47,43.69,44.88,45.64,45.41,47.23,44.29
31,44.31,46.38,47.34,46.94,43.62,44.81,45.57,45.35,47.14,44.22
31.25,44.31,46.44,47.4,46.94,43.56,44.75,45.57,45.38,47.17,44.16
31.5,44.38,46.44,47.34,46.88,43.5,44.75,45.55,45.41,47.11,44.13
31.75,44.31,46.38,47.34,46.88,43.5,44.69,45.52,45.35,47.11,44.1
32,44.31,46.38,47.34,46.81,43.38,44.62,45.48,45.35,47.08,44
32.25,44.31,46.44,47.34,46.81,43.38,44.62,45.49,45.38,47.08,44
32.5,44.31,46.44,47.34,46.81,43.31,44.5,45.46,45.38,47.08,43.91
32.75,44.31,46.5,47.34,46.81,43.25,44.5,45.46,45.41,47.08,43.88
33,44.31,46.5,47.27,46.75,43.25,44.5,45.43,45.41,47.01,43.88
33.25,44.31,46.44,47.27,46.75,43.25,44.44,45.41,45.38,47.01,43.85
33.5,44.38,46.44,47.27,46.75,43.12,44.44,45.4,45.41,47.01,43.78
33.75,44.31,46.5,47.27,46.75,43.12,44.38,45.39,45.41,47.01,43.75
34,44.38,46.44,47.27,46.75,43.06,44.38,45.38,45.41,47.01,43.72
34.25,44.38,46.5,47.27,46.75,43.12,44.31,45.39,45.44,47.01,43.72
34.5,44.44,46.5,47.27,46.75,43,44.31,45.38,45.47,47.01,43.66
34.75,44.44,46.56,47.21,46.69,43,44.31,45.37,45.5,46.95,43.66
35,44.5,46.56,47.21,46.69,42.94,44.25,45.36,45.53,46.95,43.6
35.25,44.5,46.56,47.27,46.69,42.94,44.19,45.36,45.53,46.98,43.57
35.5,44.56,46.56,47.27,46.62,42.88,44.19,45.35,45.56,46.95,43.54
35.75,44.56,46.62,47.27,46.62,42.88,44.19,45.36,45.59,46.95,43.54
36,44.56,46.69,47.27,46.69,42.81,44.19,45.37,45.63,46.98,43.5
36.25,44.62,46.69,47.27,46.62,42.81,44.12,45.36,45.66,46.95,43.47
36.5,44.69,46.69,47.34,46.62,42.75,44.12,45.37,45.69,46.98,43.44
36.75,44.69,46.69,47.27,46.62,42.75,44.12,45.36,45.69,46.95,43.44
37,44.75,46.81,47.34,46.69,42.75,44.19,45.42,45.78,47.02,43.47
37.25,44.81,46.81,47.34,46.62,42.81,44.12,45.42,45.81,46.98,43.47
37.5,44.81,46.88,47.34,46.69,42.75,44.19,45.45,45.85,47.02,43.47
37.75,44.88,46.88,47.27,46.69,42.75,44.12,45.43,45.88,46.98,43.44
38,44.88,46.94,47.34,46.69,42.75,44.19,45.47,45.91,47.02,43.47
38.25,44.94,46.94,47.4,46.62,42.75,44.12,45.46,45.94,47.01,43.44
38.5,45,46.94,47.4,46.69,42.75,44.12,45.49,45.97,47.05,43.44
38.75,45,47,47.4,46.69,42.75,44.12,45.5,46,47.05,43.44
39,45.06,47.12,47.4,46.69,42.75,44.12,45.53,46.09,47.05,43.44
39.25,45.12,47.12,47.4,46.69,42.75,44.19,45.55,46.12,47.05,43.47
39.5,45.12,47.19,47.46,46.75,42.75,44.12,45.57,46.16,47.11,43.44
39.75,45.19,47.19,47.52,46.75,42.75,44.12,45.59,46.19,47.14,43.44
40,45.25,47.25,47.52,46.75,42.75,44.19,45.62,46.25,47.14,43.47
40.25,45.25,47.38,47.52,46.81,42.75,44.12,45.64,46.32,47.17,43.44
40.5,45.31,47.31,47.52,46.75,42.75,44.19,45.64,46.31,47.14,43.47
40.75,45.38,47.38,47.59,46.81,42.81,44.12,45.68,46.38,47.2,43.47
41,45.5,47.44,47.59,46.81,42.81,44.19,45.72,46.47,47.2,43.5
41.25,45.5,47.5,47.65,46.88,42.81,44.25,45.77,46.5,47.27,43.53
41.5,45.56,47.56,47.65,46.81,42.81,44.19,45.76,46.56,47.23,43.5
41.75,45.62,47.56,47.71,46.81,42.88,44.25,45.81,46.59,47.26,43.57
42,45.69,47.56,47.71,46.88,42.88,44.25,45.83,46.63,47.3,43.57
42.25,45.69,47.69,47.71,46.88,42.88,44.25,45.85,46.69,47.3,43.57
42.5,45.75,47.75,47.65,46.94,42.88,44.31,45.88,46.75,47.3,43.6
42.75,45.81,47.75,47.77,47,42.88,44.31,45.92,46.78,47.39,43.6
43,45.88,47.81,47.77,46.94,42.88,44.31,45.94,46.85,47.36,43.6
43.25,45.88,47.94,47.84,47,42.94,44.31,45.99,46.91,47.42,43.63
43.5,45.94,47.94,47.84,47,42.94,44.31,46,46.94,47.42,43.63
43.75,46,48,47.77,47,42.94,44.38,46.02,47,47.39,43.66
44,46.06,48,47.84,47,42.94,44.38,46.04,47.03,47.42,43.66
44.25,46.12,48.06,47.9,47,42.94,44.38,46.07,47.09,47.45,43.66
44.5,46.19,48.12,47.9,47.06,43,44.38,46.11,47.16,47.48,43.69
44.75,46.19,48.12,47.9,47.06,42.94,44.38,46.1,47.16,47.48,43.66
45,46.25,48.19,47.96,47.06,42.94,44.38,46.13,47.22,47.51,43.66
45.25,46.31,48.25,47.96,47.12,43,44.38,46.17,47.28,47.54,43.69
45.5,46.38,48.31,47.96,47.12,42.94,44.44,46.19,47.35,47.54,43.69
45.75,46.38,48.31,48.02,47.12,43,44.44,46.21,47.35,47.57,43.72
46,46.44,48.38,48.02,47.12,43,44.44,46.23,47.41,47.57,43.72
46.25,46.5,48.44,48.02,47.19,43,44.5,46.28,47.47,47.61,43.75
46.5,46.56,48.44,48.02,47.19,43,44.44,46.28,47.5,47.61,43.72
46.75,46.56,48.5,48.09,47.19,43.06,44.5,46.32,47.53,47.64,43.78
47,46.62,48.5,48.09,47.25,43.06,44.44,46.33,47.56,47.67,43.75
47.25,46.69,48.56,48.15,47.25,43,44.44,46.35,47.63,47.7,43.72
47.5,46.69,48.56,48.15,47.25,43,44.44,46.35,47.63,47.7,43.72
47.75,46.75,48.62,48.09,47.19,43,44.5,46.36,47.69,47.64,43.75
48,46.81,48.69,48.09,47.25,43,44.44,46.38,47.75,47.67,43.72
48.25,46.81,48.75,48.09,47.19,42.94,44.44,46.37,47.78,47.64,43.69
48.5,46.88,48.75,48.09,47.19,42.94,44.38,46.37,47.82,47.64,43.66
48.75,46.88,48.75,48.02,47.25,42.94,44.44,46.38,47.82,47.64,43.69
49,46.94,48.81,48.09,47.19,42.94,44.44,46.4,47.88,47.64,43.69
49.25,47,48.81,48.09,47.19,42.94,44.38,46.4,47.91,47.64,43.66
49.5,47,48.81,48.09,47.19,42.81,44.38,46.38,47.91,47.64,43.6
49.75,47.06,48.88,48.09,47.19,42.88,44.31,46.4,47.97,47.64,43.6
50,47.12,48.81,48.09,47.19,42.81,44.38,46.4,47.97,47.64,43.6
50.25,47.12,48.88,48.09,47.12,42.81,44.31,46.39,48,47.61,43.56
50.5,47.12,48.88,48.09,47.12,42.88,44.31,46.4,48,47.61,43.6
50.75,47.19,48.94,48.09,47.12,42.75,44.25,46.39,48.07,47.61,43.5
51,47.19,48.94,48.02,47.19,42.75,44.25,46.39,48.07,47.61,43.5
51.25,47.19,48.94,48.02,47.06,42.69,44.19,46.35,48.07,47.54,43.44
51.5,47.19,48.94,48.02,47.06,42.75,44.19,46.36,48.07,47.54,43.47
51.75,47.25,49,47.96,47.06,42.69,44.19,46.36,48.13,47.51,43.44
52,47.31,48.94,47.96,47.06,42.62,44.12,46.34,48.13,47.51,43.37
52.25,47.38,48.94,47.96,47,42.56,44.06,46.32,48.16,47.48,43.31
52.5,47.31,49,47.96,47,42.56,44,46.31,48.16,47.48,43.28
52.75,47.31,49,47.9,47,42.5,44,46.29,48.16,47.45,43.25
53,47.38,49,47.9,46.94,42.44,43.94,46.27,48.19,47.42,43.19
53.25,47.38,49,47.9,46.94,42.44,43.94,46.27,48.19,47.42,43.19
53.5,47.38,49,47.77,46.88,42.38,43.88,46.22,48.19,47.33,43.13
53.75,47.38,48.94,47.77,46.88,42.38,43.88,46.21,48.16,47.33,43.13
54,47.38,49,47.77,46.81,42.25,43.88,46.18,48.19,47.29,43.07
54.25,47.38,49,47.71,46.75,42.25,43.81,46.15,48.19,47.23,43.03
54.5,47.38,49,47.71,46.75,42.25,43.69,46.13,48.19,47.23,42.97
54.75,47.44,48.94,47.65,46.75,42.19,43.62,46.1,48.19,47.2,42.91
55,47.38,48.94,47.65,46.69,42.19,43.62,46.08,48.16,47.17,42.91
55.25,47.38,49,47.59,46.69,42.12,43.56,46.06,48.19,47.14,42.84
55.5,47.38,48.94,47.59,46.62,42.06,43.56,46.03,48.16,47.11,42.81
55.75,47.38,48.88,47.52,46.62,42.06,43.44,45.98,48.13,47.07,42.75
56,47.44,48.88,47.46,46.56,42,43.44,45.96,48.16,47.01,42.72
56.25,47.44,48.88,47.4,46.5,41.94,43.38,45.92,48.16,46.95,42.66
56.5,47.31,48.88,47.34,46.5,41.88,43.38,45.88,48.1,46.92,42.63
56.75,47.38,48.88,47.34,46.5,41.88,43.31,45.88,48.13,46.92,42.6
57,47.31,48.88,47.34,46.44,41.81,43.25,45.84,48.1,46.89,42.53
57.25,47.38,48.81,47.27,46.31,41.75,43.25,45.8,48.1,46.79,42.5
57.5,47.38,48.81,47.27,46.31,41.69,43.19,45.78,48.1,46.79,42.44
57.75,47.38,48.81,47.21,46.31,41.69,43.12,45.76,48.1,46.76,42.41
58,47.31,48.81,47.21,46.19,41.62,43.06,45.7,48.06,46.7,42.34
58.25,47.31,48.81,47.15,46.19,41.62,43,45.68,48.06,46.67,42.31
58.5,47.31,48.81,47.09,46.12,41.56,42.94,45.64,48.06,46.61,42.25
58.75,47.31,48.75,47.09,46.06,41.5,42.88,45.6,48.03,46.58,42.19
59,47.25,48.75,47.02,46,41.44,42.88,45.56,48,46.51,42.16
59.25,47.25,48.69,46.96,45.94,41.38,42.81,45.51,47.97,46.45,42.1
59.5,47.25,48.69,46.9,45.94,41.38,42.81,45.5,47.97,46.42,42.1
59.75,47.19,48.69,46.77,45.88,41.25,42.69,45.41,47.94,46.33,41.97
60,47.19,48.69,46.77,45.81,41.25,42.62,45.39,47.94,46.29,41.94
60.25,47.19,48.56,46.71,45.81,41.19,42.69,45.36,47.88,46.26,41.94
60.5,47.12,48.56,46.65,45.69,41.12,42.56,45.28,47.84,46.17,41.84
60.75,47.12,48.56,46.65,45.69,41.06,42.5,45.26,47.84,46.17,41.78
61,47.12,48.5,46.59,45.62,41,42.44,45.21,47.81,46.11,41.72
61.25,47.06,48.5,46.52,45.56,41,42.5,45.19,47.78,46.04,41.75
61.5,47.06,48.44,46.52,45.56,40.94,42.38,45.15,47.75,46.04,41.66
61.75,47,48.44,46.46,45.5,40.94,42.31,45.11,47.72,45.98,41.63
62,47,48.44,46.4,45.44,40.88,42.31,45.08,47.72,45.92,41.6
62.25,47,48.44,46.34,45.38,40.88,42.31,45.06,47.72,45.86,41.6
62.5,46.94,48.38,46.34,45.38,40.81,42.31,45.03,47.66,45.86,41.56
62.75,47,48.38,46.34,45.31,40.75,42.25,45.01,47.69,45.83,41.5
63,46.94,48.44,46.34,45.25,40.75,42.19,44.99,47.69,45.8,41.47
63.25,46.94,48.38,46.27,45.25,40.69,42.12,44.94,47.66,45.76,41.41
63.5,46.94,48.38,46.21,45.25,40.69,42.12,44.93,47.66,45.73,41.41
63.75,46.88,48.38,46.21,45.19,40.62,42.12,44.9,47.63,45.7,41.37
64,46.88,48.31,46.21,45.12,40.62,42.12,44.88,47.6,45.67,41.37
64.25,46.88,48.31,46.15,45.19,40.56,42.06,44.86,47.6,45.67,41.31
64.5,46.88,48.31,46.15,45.06,40.56,42.06,44.84,47.6,45.61,41.31
64.75,46.81,48.25,46.09,45.06,40.62,42.06,44.82,47.53,45.58,41.34
65,46.88,48.31,46.09,45,40.56,42,44.81,47.6,45.55,41.28
65.25,46.81,48.25,46.09,44.94,40.56,42,44.78,47.53,45.52,41.28
65.5,46.81,48.25,46.09,44.94,40.56,42,44.78,47.53,45.52,41.28
65.75,46.81,48.25,46.02,44.94,40.44,41.94,44.73,47.53,45.48,41.19
66,46.81,48.25,46.02,44.88,40.44,41.88,44.71,47.53,45.45,41.16
66.25,46.81,48.19,45.96,44.88,40.5,41.94,44.71,47.5,45.42,41.22
66.5,46.81,48.12,45.96,44.88,40.44,41.88,44.68,47.47,45.42,41.16
66.75,46.75,48.19,45.96,44.81,40.44,41.88,44.67,47.47,45.39,41.16
67,46.75,48.19,45.9,44.81,40.44,41.88,44.66,47.47,45.36,41.16
67.25,46.75,48.19,45.9,44.75,40.38,41.81,44.63,47.47,45.33,41.1
67.5,46.75,48.19,45.84,44.81,40.31,41.81,44.62,47.47,45.33,41.06
67.75,46.75,48.12,45.9,44.75,40.38,41.75,44.61,47.44,45.33,41.07
68,46.75,48.19,45.84,44.69,40.31,41.81,44.6,47.47,45.27,41.06
68.25,46.69,48.19,45.84,44.69,40.31,41.75,44.58,47.44,45.27,41.03
68.5,46.75,48.12,45.84,44.69,40.31,41.75,44.58,47.44,45.27,41.03
68.75,46.75,48.12,45.84,44.62,40.25,41.75,44.56,47.44,45.23,41
69,46.75,48.06,45.77,44.62,40.25,41.75,44.54,47.41,45.2,41
69.25,46.75,48.12,45.71,44.56,40.25,41.69,44.52,47.44,45.14,40.97
69.5,46.75,48.12,45.77,44.56,40.25,41.69,44.53,47.44,45.17,40.97
69.75,46.69,48.12,45.77,44.56,40.25,41.69,44.52,47.41,45.17,40.97
70,46.69,48.19,45.65,44.56,40.19,41.69,44.5,47.44,45.11,40.94
70.25,46.69,48.19,45.65,44.5,40.19,41.62,44.48,47.44,45.08,40.91
70.5,46.69,48.12,45.65,44.5,40.19,41.62,44.47,47.41,45.08,40.91
70.75,46.69,48.12,45.65,44.5,40.19,41.62,44.47,47.41,45.08,40.91
71,46.69,48.12,45.65,44.44,40.12,41.69,44.46,47.41,45.05,40.91
71.25,46.69,48.12,45.59,44.44,40.12,41.56,44.42,47.41,45.02,40.84
71.5,46.69,48.06,45.59,44.44,40.12,41.56,44.41,47.38,45.02,40.84
71.75,46.69,48.06,45.65,44.44,40.12,41.56,44.42,47.38,45.05,40.84
72,46.69,48.12,45.59,44.38,40.12,41.56,44.41,47.41,44.99,40.84
72.25,46.69,48.12,45.52,44.38,40.06,41.5,44.38,47.41,44.95,40.78
72.5,46.69,48.12,45.52,44.31,40,41.5,44.36,47.41,44.92,40.75
72.75,46.62,48.12,45.52,44.31,40.06,41.5,44.36,47.37,44.92,40.78
73,46.75,48.06,45.52,44.31,40,41.5,44.36,47.41,44.92,40.75
73.25,46.69,48.06,45.46,44.31,40,41.44,44.33,47.38,44.89,40.72
73.5,46.69,48.12,45.46,44.31,40,41.44,44.34,47.41,44.89,40.72
73.75,46.69,48.06,45.4,44.25,39.94,41.38,44.29,47.38,44.83,40.66
74,46.69,48.06,45.46,44.25,39.94,41.38,44.3,47.38,44.86,40.66
74.25,46.69,48.06,45.34,44.25,39.88,41.31,44.26,47.38,44.8,40.6
74.5,46.69,48.06,45.4,44.19,39.81,41.31,44.25,47.38,44.8,40.56
74.75,46.69,48.12,45.4,44.19,39.81,41.31,44.26,47.41,44.8,40.56
75,46.62,48,45.34,44.12,39.81,41.25,44.19,47.31,44.73,40.53
75.25,46.69,48,45.4,44.12,39.81,41.25,44.21,47.35,44.76,40.53
75.5,46.69,48.06,45.34,44.12,39.81,41.25,44.21,47.38,44.73,40.53
75.75,46.69,48,45.34,44.06,39.75,41.25,44.18,47.35,44.7,40.5
76,46.69,48,45.21,44.06,39.69,41.25,44.15,47.35,44.64,40.47
76.25,46.62,48,45.21,44.06,39.62,41.19,44.12,47.31,44.64,40.41
76.5,46.62,48,45.21,44,39.69,41.19,44.12,47.31,44.61,40.44
76.75,46.62,48,45.15,44,39.62,41.12,44.09,47.31,44.58,40.37
77,46.62,48,45.15,43.88,39.62,41.06,44.06,47.31,44.52,40.34
77.25,46.62,47.94,45.09,43.94,39.62,41.06,44.05,47.28,44.52,40.34
77.5,46.62,47.94,45.09,43.88,39.56,41,44.02,47.28,44.49,40.28
77.75,46.62,47.94,45.02,43.88,39.5,40.94,43.98,47.28,44.45,40.22
78,46.62,47.94,45.02,43.88,39.44,40.94,43.97,47.28,44.45,40.19
78.25,46.56,47.94,44.96,43.81,39.44,40.94,43.94,47.25,44.39,40.19
78.5,46.56,47.94,44.96,43.81,39.38,40.88,43.92,47.25,44.39,40.13
78.75,46.56,47.88,44.9,43.81,39.38,40.88,43.9,47.22,44.36,40.13
79,46.56,47.88,44.9,43.69,39.31,40.81,43.86,47.22,44.3,40.06
79.25,46.5,47.88,44.9,43.69,39.31,40.81,43.85,47.19,44.3,40.06
79.5,46.5,47.88,44.84,43.69,39.25,40.81,43.83,47.19,44.27,40.03
79.75,46.5,47.81,44.84,43.62,39.25,40.75,43.8,47.16,44.23,40
80,46.44,47.81,44.71,43.56,39.19,40.69,43.74,47.13,44.14,39.94
80.25,46.44,47.81,44.77,43.56,39.19,40.69,43.75,47.13,44.17,39.94
80.5,46.44,47.81,44.71,43.56,39.12,40.62,43.71,47.13,44.14,39.87
80.75,46.44,47.75,44.65,43.5,39.06,40.56,43.66,47.1,44.08,39.81
81,46.44,47.75,44.59,43.44,39.06,40.56,43.64,47.1,44.02,39.81
81.25,46.44,47.69,44.59,43.44,39.06,40.5,43.62,47.07,44.02,39.78
81.5,46.44,47.69,44.59,43.44,39,40.5,43.61,47.07,44.02,39.75
81.75,46.38,47.56,44.52,43.38,38.94,40.44,43.54,46.97,43.95,39.69
82,46.38,47.62,44.46,43.31,38.88,40.44,43.52,47,43.89,39.66
82.25,46.38,47.62,44.52,43.31,38.88,40.31,43.51,47,43.92,39.6
82.5,46.31,47.62,44.4,43.25,38.81,40.31,43.45,46.97,43.83,39.56
82.75,46.31,47.62,44.4,43.19,38.81,40.31,43.44,46.97,43.8,39.56
83,46.31,47.56,44.4,43.12,38.75,40.25,43.4,46.94,43.76,39.5
83.25,46.25,47.56,44.34,43.19,38.75,40.19,43.38,46.91,43.77,39.47
83.5,46.25,47.5,44.27,43.12,38.69,40.12,43.33,46.88,43.7,39.41
83.75,46.25,47.56,44.27,43.06,38.62,40.12,43.32,46.91,43.67,39.37
84,46.19,47.5,44.21,43,38.62,40.06,43.27,46.85,43.61,39.34
84.25,46.19,47.5,44.21,43,38.5,40.06,43.25,46.85,43.61,39.28
84.5,46.19,47.5,44.15,43,38.5,40,43.23,46.85,43.58,39.25
84.75,46.19,47.44,44.15,42.94,38.5,40,43.21,46.82,43.55,39.25
85,46.19,47.38,44.09,42.88,38.5,40,43.18,46.79,43.49,39.25
85.25,46.12,47.38,44.02,42.81,38.44,39.94,43.12,46.75,43.42,39.19
85.5,46.06,47.44,44.02,42.75,38.38,39.94,43.1,46.75,43.39,39.16
85.75,46.06,47.38,44.02,42.81,38.44,39.88,43.1,46.72,43.42,39.16
86,46.06,47.38,43.96,42.69,38.31,39.88,43.05,46.72,43.33,39.1
86.25,46.06,47.31,43.96,42.69,38.31,39.81,43.03,46.69,43.33,39.06
86.5,46,47.31,43.9,42.62,38.31,39.81,42.99,46.66,43.26,39.06
86.75,46.06,47.31,43.9,42.62,38.31,39.81,43,46.69,43.26,39.06
87,46,47.25,43.9,42.62,38.25,39.81,42.97,46.63,43.26,39.03
87.25,45.94,47.25,43.9,42.62,38.31,39.81,42.97,46.6,43.26,39.06
87.5,45.94,47.25,43.9,42.56,38.31,39.81,42.96,46.6,43.23,39.06
87.75,45.94,47.25,43.84,42.56,38.31,39.75,42.94,46.6,43.2,39.03
88,45.94,47.19,43.9,42.56,38.31,39.75,42.94,46.57,43.23,39.03
88.25,45.94,47.19,43.84,42.56,38.31,39.81,42.94,46.57,43.2,39.06
88.5,45.88,47.12,43.84,42.56,38.38,39.75,42.92,46.5,43.2,39.07
88.75,45.88,47.19,43.84,42.5,38.19,39.81,42.9,46.54,43.17,39
89,45.88,47.19,43.77,42.5,38.31,39.75,42.9,46.54,43.14,39.03
89.25,45.81,47.12,43.77,42.44,38.25,39.81,42.87,46.47,43.11,39.03
89.5,45.81,47.19,43.84,42.44,38.31,39.81,42.9,46.5,43.14,39.06
89.75,45.81,47.12,43.84,42.44,38.31,39.81,42.89,46.47,43.14,39.06
90,45.75,47.12,43.77,42.44,38.19,39.75,42.84,46.44,43.11,38.97
90.25,45.75,47.06,43.77,42.38,38.19,39.75,42.82,46.41,43.08,38.97
90.5,45.69,47.06,43.77,42.44,38.19,39.75,42.82,46.38,43.11,38.97
90.75,45.69,47.12,43.77,42.38,38.19,39.81,42.83,46.41,43.08,39
91,45.69,47.06,43.77,42.38,38.25,39.75,42.82,46.38,43.08,39
91.25,45.69,47.06,43.71,42.38,38.19,39.81,42.81,46.38,43.05,39
91.5,45.62,47.06,43.71,42.31,38.25,39.75,42.78,46.34,43.01,39
91.75,45.62,47.06,43.77,42.31,38.31,39.75,42.8,46.34,43.04,39.03
92,45.62,47.06,43.77,42.31,38.25,39.81,42.8,46.34,43.04,39.03
92.25,45.62,47,43.71,42.31,38.19,39.75,42.76,46.31,43.01,38.97
92.5,45.62,47.06,43.71,42.31,38.19,39.69,42.76,46.34,43.01,38.94
92.75,45.62,47.06,43.77,42.31,38.19,39.75,42.78,46.34,43.04,38.97
93,45.56,47.06,43.71,42.31,38.25,39.69,42.76,46.31,43.01,38.97
93.25,45.62,47.06,43.71,42.25,38.19,39.69,42.75,46.34,42.98,38.94
93.5,45.62,47.06,43.65,42.25,38.25,39.69,42.75,46.34,42.95,38.97
93.75,45.56,47.06,43.59,42.25,38.25,39.62,42.72,46.31,42.92,38.94
94,45.62,47,43.59,42.25,38.25,39.69,42.73,46.31,42.92,38.97
94.25,45.62,47.06,43.65,42.25,38.19,39.69,42.74,46.34,42.95,38.94
94.5,45.62,47,43.59,42.25,38.25,39.62,42.72,46.31,42.92,38.94
94.75,45.62,47,43.59,42.19,38.19,39.62,42.7,46.31,42.89,38.91
95,45.56,47,43.65,42.19,38.19,39.69,42.71,46.28,42.92,38.94
95.25,45.62,47,43.59,42.19,38.19,39.62,42.7,46.31,42.89,38.91
95.5,45.56,46.94,43.59,42.19,38.25,39.62,42.69,46.25,42.89,38.94
95.75,45.56,46.94,43.59,42.19,38.25,39.56,42.68,46.25,42.89,38.91
96,45.56,46.94,43.59,42.19,38.19,39.56,42.67,46.25,42.89,38.88
96.25,45.5,46.94,43.59,42.19,38.19,39.62,42.67,46.22,42.89,38.91
96.5,45.5,46.94,43.59,42.12,38.19,39.62,42.66,46.22,42.86,38.91
96.75,45.56,46.88,43.52,42.12,38.19,39.56,42.64,46.22,42.82,38.88
97,45.5,46.94,43.52,42.12,38.06,39.56,42.62,46.22,42.82,38.81
97.25,45.5,46.88,43.46,42.06,38.12,39.62,42.61,46.19,42.76,38.87
97.5,45.5,46.88,43.46,42.06,38.12,39.56,42.6,46.19,42.76,38.84
97.75,45.5,46.88,43.59,42.06,38.12,39.56,42.62,46.19,42.83,38.84
98,45.5,46.94,43.52,42.06,38.12,39.62,42.63,46.22,42.79,38.87
98.25,45.44,46.88,43.46,42,38.06,39.56,42.57,46.16,42.73,38.81
98.5,45.44,46.88,43.46,42,38.12,39.56,42.58,46.16,42.73,38.84
98.75,45.5,46.88,43.46,42,38.06,39.5,42.57,46.19,42.73,38.78
99,45.44,46.94,43.46,42,38.06,39.5,42.57,46.19,42.73,38.78
99.25,45.38,46.88,43.46,42,38.06,39.5,42.55,46.13,42.73,38.78
99.5,45.38,46.88,43.4,41.94,38.12,39.5,42.54,46.13,42.67,38.81
99.75,45.44,46.88,43.4,41.94,38,39.44,42.52,46.16,42.67,38.72
100,45.38,46.88,43.34,41.94,38,39.5,42.51,46.13,42.64,38.75
100.25,45.38,46.81,43.34,41.88,38,39.44,42.48,46.1,42.61,38.72
100.5,45.31,46.81,43.27,41.88,37.94,39.38,42.43,46.06,42.58,38.66
100.75,45.31,46.75,43.27,41.88,38,39.38,42.43,46.03,42.58,38.69
101,45.25,46.81,43.27,41.81,37.94,39.38,42.41,46.03,42.54,38.66
101.25,45.25,46.75,43.27,41.81,37.94,39.38,42.4,46,42.54,38.66
101.5,45.19,46.69,43.21,41.75,37.88,39.31,42.34,45.94,42.48,38.6
101.75,45.12,46.69,43.27,41.81,37.81,39.31,42.34,45.91,42.54,38.56
102,45.12,46.69,43.15,41.75,37.88,39.25,42.31,45.91,42.45,38.57
102.25,45.12,46.62,43.15,41.69,37.81,39.25,42.27,45.87,42.42,38.53
102.5,45.12,46.62,43.15,41.69,37.75,39.19,42.25,45.87,42.42,38.47
102.75,45.12,46.56,43.09,41.62,37.75,39.12,42.21,45.84,42.36,38.44
103,45.06,46.56,43.09,41.62,37.69,39.12,42.19,45.81,42.36,38.41
103.25,45.06,46.56,43.02,41.56,37.69,39.19,42.18,45.81,42.29,38.44
103.5,45,46.5,42.96,41.56,37.62,39.06,42.12,45.75,42.26,38.34
103.75,45,46.44,42.96,41.5,37.62,39.06,42.1,45.72,42.23,38.34
104,45,46.44,42.9,41.5,37.62,39,42.08,45.72,42.2,38.31
104.25,44.94,46.5,42.9,41.5,37.56,39,42.07,45.72,42.2,38.28
104.5,44.94,46.44,42.9,41.38,37.5,38.94,42.02,45.69,42.14,38.22
104.75,44.88,46.38,42.84,41.38,37.5,38.94,41.99,45.63,42.11,38.22
105,44.88,46.31,42.84,41.31,37.5,38.94,41.97,45.6,42.08,38.22
105.25,44.81,46.31,42.84,41.31,37.44,38.88,41.93,45.56,42.08,38.16
105.5,44.81,46.31,42.77,41.31,37.44,38.81,41.91,45.56,42.04,38.13
105.75,44.75,46.25,42.71,41.25,37.38,38.81,41.86,45.5,41.98,38.1
106,44.69,46.25,42.71,41.25,37.38,38.75,41.84,45.47,41.98,38.07
106.25,44.69,46.19,42.65,41.19,37.25,38.75,41.79,45.44,41.92,38
106.5,44.62,46.19,42.59,41.12,37.25,38.75,41.76,45.41,41.86,38
106.75,44.56,46.12,42.59,41.12,37.19,38.69,41.71,45.34,41.86,37.94
107,44.56,46.06,42.52,41.12,37.25,38.69,41.7,45.31,41.82,37.97
107.25,44.5,46.06,42.52,41.06,37.12,38.62,41.65,45.28,41.79,37.87
107.5,44.5,46,42.46,41,37.12,38.56,41.61,45.25,41.73,37.84
107.75,44.44,46,42.46,40.94,37.06,38.56,41.58,45.22,41.7,37.81
108,44.44,45.88,42.4,40.88,37,38.56,41.53,45.16,41.64,37.78
108.25,44.38,45.88,42.34,40.81,37,38.5,41.49,45.13,41.58,37.75
108.5,44.31,45.88,42.34,40.75,36.94,38.44,41.45,45.1,41.55,37.69
108.75,44.25,45.81,42.27,40.75,36.88,38.44,41.4,45.03,41.51,37.66
109,44.25,45.75,42.27,40.75,36.88,38.38,41.38,45,41.51,37.63
109.25,44.12,45.69,42.21,40.69,36.81,38.38,41.32,44.91,41.45,37.6
109.5,44.12,45.62,42.15,40.62,36.81,38.38,41.29,44.87,41.39,37.6
109.75,44.12,45.56,42.09,40.62,36.69,38.31,41.23,44.84,41.36,37.5
110,44.06,45.56,42.15,40.56,36.62,38.31,41.21,44.81,41.36,37.47
110.25,44,45.56,42.09,40.5,36.62,38.25,41.17,44.78,41.3,37.44
110.5,43.88,45.5,42.02,40.44,36.5,38.25,41.1,44.69,41.23,37.38
110.75,43.81,45.5,41.96,40.38,36.56,38.25,41.08,44.66,41.17,37.41
111,43.81,45.44,41.96,40.38,36.44,38.19,41.04,44.63,41.17,37.32
111.25,43.75,45.31,41.9,40.31,36.38,38.25,40.99,44.53,41.11,37.32
111.5,43.69,45.38,41.84,40.31,36.38,38.19,40.97,44.54,41.08,37.29
111.75,43.62,45.31,41.84,40.25,36.44,38.12,40.93,44.47,41.05,37.28
112,43.62,45.25,41.77,40.19,36.44,38.12,40.9,44.44,40.98,37.28
112.25,43.62,45.19,41.77,40.19,36.5,38.06,40.89,44.41,40.98,37.28
112.5,43.56,45.19,41.77,40.19,36.5,38.06,40.88,44.38,40.98,37.28
112.75,43.5,45.19,41.71,40.06,36.5,38,40.83,44.35,40.89,37.25
113,43.5,45.12,41.65,40.06,36.44,37.94,40.79,44.31,40.86,37.19
113.25,43.44,45.06,41.59,40.06,36.5,37.94,40.77,44.25,40.83,37.22
113.5,43.38,45,41.59,39.94,36.38,37.94,40.71,44.19,40.77,37.16
113.75,43.31,44.94,41.52,40,36.38,37.88,40.67,44.13,40.76,37.13
114,43.25,44.94,41.46,39.94,36.31,37.88,40.63,44.1,40.7,37.1
114.25,43.25,44.88,41.46,39.81,36.31,37.88,40.6,44.07,40.64,37.1
114.5,43.19,44.81,41.4,39.81,36.31,37.81,40.56,44,40.61,37.06
114.75,43.12,44.81,41.34,39.81,36.25,37.75,40.52,43.97,40.58,37
115,43.12,44.69,41.27,39.75,36.25,37.75,40.47,43.91,40.51,37
115.25,43.06,44.69,41.21,39.75,36.25,37.69,40.44,43.88,40.48,36.97
115.5,43,44.62,41.21,39.75,36.19,37.62,40.4,43.81,40.48,36.91
115.75,42.94,44.62,41.15,39.69,36.19,37.62,40.37,43.78,40.42,36.91
116,42.88,44.44,41.15,39.62,36.12,37.62,40.31,43.66,40.39,36.87
116.25,42.81,44.44,41.09,39.56,36.19,37.56,40.28,43.63,40.33,36.88
116.5,42.81,44.38,41.02,39.56,36.19,37.5,40.25,43.6,40.29,36.85
116.75,42.69,44.31,41.02,39.5,36.12,37.5,40.19,43.5,40.26,36.81
117,42.69,44.31,41.02,39.44,36.06,37.5,40.17,43.5,40.23,36.78
117.25,42.62,44.19,40.96,39.44,36.06,37.44,40.12,43.41,40.2,36.75
117.5,42.62,44.19,40.84,39.44,36.06,37.38,40.09,43.41,40.14,36.72
117.75,42.5,44.12,40.9,39.38,36.06,37.38,40.06,43.31,40.14,36.72
118,42.5,44.06,40.84,39.31,35.94,37.31,40,43.28,40.08,36.63
118.25,42.44,44.06,40.77,39.25,36,37.31,39.97,43.25,40.01,36.66
118.5,42.38,44,40.77,39.25,35.94,37.25,39.93,43.19,40.01,36.6
118.75,42.31,43.94,40.65,39.19,35.94,37.25,39.88,43.13,39.92,36.6
119,42.31,43.88,40.65,39.19,35.88,37.19,39.85,43.1,39.92,36.54
119.25,42.25,43.81,40.52,39.12,35.81,37.12,39.77,43.03,39.82,36.47
119.5,42.19,43.81,40.52,39.12,35.88,37.12,39.77,43,39.82,36.5
119.75,42.19,43.75,40.52,39.06,35.81,37.12,39.74,42.97,39.79,36.47
120,42.12,43.62,40.46,39,35.75,37.06,39.67,42.87,39.73,36.41
120.25,42.06,43.62,40.4,38.94,35.81,37.06,39.65,42.84,39.67,36.44
120.5,42,43.62,40.34,38.88,35.69,37,39.59,42.81,39.61,36.35
120.75,41.88,43.5,40.27,38.88,35.56,36.94,39.51,42.69,39.58,36.25
121,41.81,43.44,40.21,38.81,35.5,36.94,39.45,42.63,39.51,36.22
121.25,41.81,43.38,40.15,38.75,35.56,36.88,39.42,42.6,39.45,36.22
121.5,41.75,43.31,40.15,38.75,35.44,36.88,39.38,42.53,39.45,36.16
121.75,41.69,43.19,40.09,38.69,35.44,36.81,39.32,42.44,39.39,36.13
122,41.62,43.19,40.02,38.69,35.44,36.69,39.28,42.41,39.36,36.07
122.25,41.56,43.12,40.02,38.62,35.44,36.69,39.24,42.34,39.32,36.07
122.5,41.5,43.06,39.96,38.56,35.38,36.69,39.19,42.28,39.26,36.04
122.75,41.5,43.06,39.84,38.5,35.31,36.56,39.13,42.28,39.17,35.94
123,41.38,42.94,39.77,38.44,35.31,36.56,39.07,42.16,39.11,35.94
123.25,41.31,42.88,39.77,38.44,35.25,36.56,39.04,42.1,39.11,35.91
123.5,41.31,42.81,39.71,38.44,35.19,36.5,39,42.06,39.08,35.85
123.75,41.25,42.75,39.71,38.31,35.25,36.44,38.95,42,39.01,35.85
124,41.19,42.69,39.59,38.25,35.19,36.38,38.88,41.94,38.92,35.79
124.25,41.06,42.69,39.52,38.19,35.12,36.31,38.82,41.88,38.86,35.72
124.5,41.06,42.56,39.46,38.19,35.06,36.25,38.77,41.81,38.83,35.66
124.75,41,42.5,39.4,38.12,35,36.25,38.71,41.75,38.76,35.63
125,40.94,42.44,39.4,38.06,35,36.19,38.67,41.69,38.73,35.6
125.25,40.88,42.38,39.27,38,34.94,36.19,38.61,41.63,38.64,35.57
125.5,40.81,42.38,39.27,37.94,34.88,36.12,38.57,41.6,38.61,35.5
125.75,40.81,42.31,39.15,37.88,34.81,36.06,38.51,41.56,38.52,35.44
126,40.69,42.25,39.15,37.81,34.81,36.06,38.46,41.47,38.48,35.44
126.25,40.62,42.12,39.09,37.75,34.81,36,38.4,41.37,38.42,35.41
126.5,40.56,42.06,39.02,37.69,34.75,35.94,38.34,41.31,38.36,35.35
126.75,40.5,41.94,38.96,37.69,34.75,35.88,38.29,41.22,38.33,35.32
127,40.5,41.88,38.96,37.62,34.69,35.81,38.24,41.19,38.29,35.25
127.25,40.38,41.88,38.84,37.62,34.62,35.75,38.18,41.13,38.23,35.19
127.5,40.31,41.75,38.71,37.5,34.56,35.75,38.1,41.03,38.11,35.16
127.75,40.25,41.75,38.71,37.44,34.56,35.62,38.06,41,38.08,35.09
128,40.25,41.62,38.71,37.38,34.5,35.62,38.02,40.94,38.05,35.06
128.25,40.12,41.62,38.65,37.31,34.44,35.56,37.95,40.87,37.98,35
128.5,40.06,41.5,38.52,37.31,34.31,35.44,37.86,40.78,37.92,34.88
128.75,40,41.44,38.52,37.25,34.31,35.38,37.82,40.72,37.89,34.85
129,39.88,41.38,38.46,37.19,34.25,35.38,37.76,40.63,37.83,34.82
129.25,39.81,41.31,38.34,37.12,34.19,35.31,37.68,40.56,37.73,34.75
129.5,39.75,41.19,38.21,37.06,34.19,35.25,37.61,40.47,37.64,34.72
129.75,39.69,41.19,38.21,37,34.12,35.19,37.57,40.44,37.61,34.66
130,39.62,41.06,38.15,36.94,34.12,35.12,37.5,40.34,37.55,34.62
130.25,39.56,41,38.09,36.88,34,35.12,37.44,40.28,37.49,34.56
130.5,39.5,40.88,38.02,36.81,33.94,35.06,37.37,40.19,37.42,34.5
130.75,39.44,40.88,37.96,36.75,33.94,35,37.33,40.16,37.36,34.47
131,39.38,40.75,37.9,36.69,33.81,34.94,37.25,40.07,37.3,34.38
131.25,39.31,40.75,37.77,36.62,33.81,34.81,37.18,40.03,37.2,34.31
131.5,39.19,40.62,37.71,36.56,33.69,34.75,37.09,39.91,37.14,34.22
131.75,39.12,40.56,37.65,36.44,33.56,34.69,37.01,39.84,37.05,34.13
132,39.06,40.44,37.65,36.44,33.56,34.69,36.98,39.75,37.05,34.13
132.25,39,40.38,37.59,36.38,33.56,34.62,36.92,39.69,36.99,34.09
132.5,38.88,40.31,37.46,36.31,33.5,34.56,36.84,39.6,36.89,34.03
132.75,38.81,40.19,37.4,36.25,33.44,34.5,36.77,39.5,36.83,33.97
133,38.81,40.12,37.34,36.19,33.44,34.44,36.73,39.47,36.77,33.94
133.25,38.69,40.12,37.34,36.12,33.44,34.38,36.68,39.41,36.73,33.91
133.5,38.62,40,37.27,36.06,33.31,34.31,36.6,39.31,36.67,33.81
133.75,38.5,39.94,37.15,36,33.31,34.25,36.53,39.22,36.58,33.78
134,38.44,39.94,37.09,35.94,33.25,34.19,36.48,39.19,36.52,33.72
134.25,38.44,39.75,37.02,35.88,33.19,34.12,36.4,39.1,36.45,33.66
134.5,38.31,39.75,36.96,35.81,33.19,34.12,36.36,39.03,36.39,33.66
134.75,38.25,39.62,36.96,35.75,33.12,34.06,36.3,38.94,36.36,33.59
135,38.19,39.56,36.84,35.75,33.06,34,36.24,38.88,36.3,33.53
135.25,38.19,39.5,36.84,35.62,33.06,33.94,36.19,38.85,36.23,33.5
135.5,38.06,39.44,36.71,35.56,33,33.94,36.12,38.75,36.14,33.47
135.75,38,39.38,36.71,35.56,32.94,33.88,36.08,38.69,36.14,33.41
136,37.94,39.25,36.59,35.5,32.94,33.81,36.01,38.6,36.05,33.38
136.25,37.81,39.25,36.52,35.44,32.94,33.75,35.95,38.53,35.98,33.35
136.5,37.81,39.12,36.46,35.38,32.81,33.69,35.88,38.47,35.92,33.25
136.75,37.69,39.12,36.4,35.31,32.75,33.69,35.83,38.41,35.86,33.22
137,37.69,39.06,36.34,35.31,32.75,33.62,35.8,38.38,35.83,33.19
137.25,37.62,38.94,36.27,35.19,32.69,33.62,35.72,38.28,35.73,33.16
137.5,37.5,38.94,36.27,35.12,32.62,33.56,35.67,38.22,35.7,33.09
137.75,37.44,38.75,36.21,35.12,32.56,33.5,35.6,38.1,35.67,33.03
138,37.38,38.75,36.15,35,32.56,33.5,35.56,38.07,35.58,33.03
138.25,37.31,38.62,36.02,34.94,32.56,33.44,35.48,37.97,35.48,33
138.5,37.25,38.56,35.96,34.94,32.44,33.38,35.42,37.91,35.45,32.91
138.75,37.19,38.5,35.96,34.94,32.44,33.25,35.38,37.85,35.45,32.85
139,37.12,38.44,35.9,34.88,32.38,33.25,35.33,37.78,35.39,32.82
139.25,37.06,38.44,35.84,34.75,32.38,33.19,35.28,37.75,35.3,32.79
139.5,37,38.38,35.84,34.75,32.31,33.19,35.25,37.69,35.3,32.75
139.75,36.94,38.25,35.77,34.62,32.31,33.12,35.17,37.6,35.2,32.72
140,36.88,38.25,35.71,34.62,32.25,33.06,35.13,37.57,35.17,32.66
140.25,36.75,38.12,35.65,34.56,32.25,33,35.06,37.44,35.11,32.63
140.5,36.81,38.06,35.59,34.5,32.19,33,35.03,37.44,35.05,32.6
140.75,36.69,38,35.52,34.5,32.19,33,34.99,37.35,35.01,32.6
141,36.62,37.88,35.46,34.44,32.06,32.94,34.9,37.25,34.95,32.5
141.25,36.56,37.88,35.46,34.38,32.06,32.88,34.87,37.22,34.92,32.47
141.5,36.5,37.81,35.4,34.31,32,32.81,34.81,37.16,34.86,32.41
141.75,36.44,37.69,35.27,34.25,32,32.75,34.74,37.07,34.76,32.38
142,36.38,37.69,35.27,34.19,31.94,32.69,34.7,37.04,34.73,32.32
142.25,36.25,37.62,35.21,34.19,31.94,32.62,34.64,36.94,34.7,32.28
142.5,36.19,37.56,35.15,34.12,31.88,32.56,34.58,36.88,34.64,32.22
142.75,36.19,37.5,35.15,34.06,31.88,32.56,34.56,36.85,34.61,32.22
143,36.06,37.38,35.09,34,31.81,32.44,34.47,36.72,34.55,32.13
143.25,36.06,37.38,35.02,33.94,31.81,32.44,34.44,36.72,34.48,32.13
143.5,36,37.25,34.96,33.88,31.75,32.44,34.38,36.63,34.42,32.1
143.75,35.94,37.25,34.84,33.88,31.69,32.31,34.32,36.6,34.36,32
144,35.88,37.12,34.84,33.75,31.69,32.31,34.27,36.5,34.3,32
144.25,35.81,37.06,34.77,33.75,31.62,32.31,34.22,36.44,34.26,31.97
144.5,35.75,37.06,34.71,33.69,31.56,32.19,34.16,36.41,34.2,31.88
144.75,35.69,36.94,34.65,33.69,31.56,32.12,34.11,36.32,34.17,31.84
145,35.62,36.88,34.59,33.62,31.44,32.12,34.05,36.25,34.11,31.78
145.25,35.56,36.81,34.52,33.5,31.44,32.06,33.98,36.19,34.01,31.75
145.5,35.5,36.81,34.46,33.5,31.38,32,33.94,36.16,33.98,31.69
145.75,35.38,36.75,34.4,33.44,31.31,32,33.88,36.07,33.92,31.66
146,35.44,36.62,34.34,33.38,31.31,31.94,33.84,36.03,33.86,31.63
146.25,35.31,36.56,34.27,33.31,31.25,31.88,33.77,35.94,33.79,31.57
146.5,35.25,36.5,34.21,33.25,31.19,31.81,33.7,35.88,33.73,31.5
146.75,35.19,36.44,34.15,33.19,31.19,31.75,33.65,35.82,33.67,31.47
147,35.12,36.44,34.02,33.19,31.12,31.69,33.6,35.78,33.61,31.41
147.25,35.06,36.38,34.02,33.12,31.06,31.62,33.54,35.72,33.57,31.34
147.5,35,36.25,33.96,33.06,31,31.56,33.47,35.63,33.51,31.28
147.75,34.88,36.19,33.84,33,30.94,31.5,33.39,35.54,33.42,31.22
148,34.81,36.12,33.84,32.94,30.88,31.5,33.35,35.47,33.39,31.19
148.25,34.75,36.06,33.77,32.88,30.88,31.44,33.3,35.41,33.33,31.16
148.5,34.69,36,33.71,32.81,30.75,31.44,33.24,35.35,33.26,31.1
148.75,34.62,35.94,33.65,32.75,30.75,31.31,33.17,35.28,33.2,31.03
149,34.56,35.88,33.65,32.69,30.69,31.25,33.12,35.22,33.17,30.97
149.25,34.5,35.75,33.59,32.62,30.62,31.25,33.06,35.13,33.11,30.94
149.5,34.44,35.69,33.52,32.56,30.62,31.25,33.02,35.07,33.04,30.94
149.75,34.38,35.69,33.4,32.5,30.5,31.12,32.93,35.04,32.95,30.81
150,34.38,35.56,33.4,32.44,30.5,31.06,32.89,34.97,32.92,30.78
150.25,34.25,35.5,33.34,32.38,30.44,31,32.82,34.88,32.86,30.72
150.5,34.19,35.44,33.21,32.31,30.38,31,32.76,34.82,32.76,30.69
150.75,34.12,35.38,33.15,32.25,30.31,30.94,32.69,34.75,32.7,30.63
151,34.06,35.31,33.15,32.19,30.31,30.88,32.65,34.69,32.67,30.6
151.25,33.94,35.19,33.02,32.12,30.25,30.81,32.56,34.57,32.57,30.53
151.5,33.88,35.12,32.96,32.12,30.19,30.75,32.5,34.5,32.54,30.47
151.75,33.81,35.06,32.9,32.06,30.12,30.69,32.44,34.44,32.48,30.41
152,33.75,35,32.84,32,30.06,30.62,32.38,34.38,32.42,30.34
152.25,33.69,34.94,32.77,31.94,30,30.56,32.32,34.32,32.36,30.28
152.5,33.62,34.88,32.71,31.88,29.94,30.56,32.27,34.25,32.3,30.25
152.75,33.56,34.81,32.65,31.81,29.94,30.44,32.2,34.19,32.23,30.19
153,33.44,34.69,32.65,31.75,29.88,30.44,32.14,34.07,32.2,30.16
153.25,33.44,34.69,32.59,31.69,29.81,30.38,32.1,34.07,32.14,30.1
153.5,33.31,34.56,32.46,31.62,29.75,30.31,32,33.94,32.04,30.03
153.75,33.25,34.5,32.4,31.56,29.69,30.25,31.94,33.88,31.98,29.97
154,33.19,34.5,32.34,31.5,29.62,30.12,31.88,33.85,31.92,29.87
154.25,33.12,34.38,32.27,31.44,29.62,30.12,31.83,33.75,31.86,29.87
154.5,33.06,34.31,32.21,31.38,29.5,30.06,31.76,33.69,31.8,29.78
154.75,33,34.25,32.15,31.31,29.44,30.06,31.7,33.63,31.73,29.75
155,32.94,34.19,32.09,31.25,29.38,29.94,31.63,33.57,31.67,29.66
155.25,32.88,34.06,32.02,31.19,29.38,29.88,31.57,33.47,31.61,29.63
155.5,32.81,34,31.96,31.12,29.31,29.81,31.5,33.41,31.54,29.56
155.75,32.69,33.94,31.9,31.06,29.31,29.75,31.44,33.32,31.48,29.53
156,32.69,33.88,31.84,31,29.19,29.69,31.38,33.29,31.42,29.44
156.25,32.62,33.81,31.77,30.94,29.19,29.62,31.33,33.22,31.36,29.41
156.5,32.56,33.69,31.71,30.88,29.12,29.56,31.26,33.13,31.3,29.34
156.75,32.5,33.69,31.59,30.81,29.06,29.56,31.2,33.1,31.2,29.31
157,32.44,33.56,31.52,30.75,29,29.44,31.12,33,31.14,29.22
157.25,32.31,33.56,31.52,30.69,28.94,29.5,31.09,32.94,31.11,29.22
157.5,32.25,33.44,31.46,30.62,28.88,29.38,31.01,32.85,31.04,29.13
157.75,32.19,33.38,31.34,30.56,28.88,29.38,30.96,32.79,30.95,29.13
158,32.06,33.38,31.34,30.56,28.81,29.31,30.91,32.72,30.95,29.06
158.25,32,33.25,31.27,30.5,28.75,29.19,30.83,32.63,30.89,28.97
158.5,31.94,33.19,31.21,30.38,28.69,29.19,30.77,32.57,30.8,28.94
158.75,31.94,33.12,31.15,30.31,28.69,29.12,30.72,32.53,30.73,28.91
159,31.94,33.06,31.09,30.31,28.56,29.06,30.67,32.5,30.7,28.81
159.25,31.75,33,31.02,30.19,28.56,29,30.59,32.38,30.61,28.78
159.5,31.75,32.94,30.96,30.19,28.56,29,30.57,32.35,30.58,28.78
159.75,31.69,32.88,30.96,30.12,28.5,28.94,30.52,32.29,30.54,28.72
160,31.56,32.81,30.9,30.06,28.44,28.94,30.45,32.19,30.48,28.69
160.25,31.5,32.75,30.84,30,28.44,28.88,30.4,32.13,30.42,28.66
160.5,31.44,32.62,30.77,29.94,28.38,28.88,30.34,32.03,30.36,28.63
160.75,31.38,32.62,30.71,29.94,28.31,28.75,30.29,32,30.33,28.53
161,31.31,32.5,30.65,29.88,28.31,28.75,30.24,31.91,30.27,28.53
161.25,31.31,32.5,30.65,29.81,28.19,28.69,30.19,31.91,30.23,28.44
161.5,31.19,32.38,30.59,29.75,28.19,28.62,30.12,31.79,30.17,28.41
161.75,31.12,32.38,30.52,29.69,28.19,28.62,30.09,31.75,30.11,28.41
162,31.12,32.25,30.4,29.62,28.06,28.56,30,31.69,30.01,28.31
162.25,31.06,32.25,30.34,29.56,28.12,28.44,29.96,31.66,29.95,28.28
162.5,30.94,32.12,30.27,29.5,28,28.44,29.88,31.53,29.89,28.22
162.75,30.94,32.12,30.21,29.5,27.94,28.38,29.85,31.53,29.86,28.16
163,30.81,32.06,30.21,29.38,27.94,28.31,29.79,31.44,29.8,28.13
163.25,30.81,31.94,30.15,29.38,27.94,28.31,29.76,31.38,29.77,28.13
163.5,30.75,31.88,30.15,29.31,27.88,28.25,29.71,31.32,29.73,28.07
163.75,30.69,31.88,30.09,29.25,27.81,28.25,29.66,31.29,29.67,28.03
164,30.62,31.81,30.02,29.25,27.81,28.19,29.62,31.22,29.64,28
164.25,30.62,31.75,30.02,29.19,27.75,28.19,29.59,31.19,29.61,27.97
164.5,30.5,31.62,29.96,29.12,27.69,28.12,29.5,31.06,29.54,27.91
164.75,30.44,31.56,29.84,29.06,27.62,28.06,29.43,31,29.45,27.84
165,30.38,31.5,29.84,29.06,27.69,28.06,29.42,30.94,29.45,27.88
165.25,30.31,31.5,29.77,29,27.56,28,29.36,30.91,29.39,27.78
165.5,30.31,31.44,29.71,28.94,27.56,27.94,29.32,30.88,29.33,27.75
165.75,30.25,31.38,29.71,28.88,27.5,27.88,29.27,30.82,29.3,27.69
166,30.19,31.38,29.65,28.88,27.5,27.88,29.25,30.79,29.27,27.69
166.25,30.19,31.25,29.59,28.81,27.5,27.81,29.19,30.72,29.2,27.66
166.5,30.06,31.25,29.46,28.81,27.38,27.81,29.13,30.66,29.14,27.6
166.75,30,31.19,29.52,28.69,27.38,27.75,29.09,30.6,29.11,27.57
167,29.94,31.12,29.4,28.69,27.31,27.69,29.03,30.53,29.05,27.5
167.25,29.88,31.06,29.4,28.62,27.25,27.69,28.98,30.47,29.01,27.47
167.5,29.88,30.94,29.34,28.62,27.19,27.62,28.93,30.41,28.98,27.41
167.75,29.81,30.94,29.27,28.56,27.19,27.56,28.89,30.38,28.92,27.38
168,29.75,30.88,29.21,28.5,27.12,27.56,28.84,30.32,28.86,27.34
168.25,29.69,30.81,29.15,28.44,27.12,27.5,28.79,30.25,28.8,27.31
168.5,29.62,30.75,29.09,28.38,27.06,27.44,28.73,30.19,28.74,27.25
168.75,29.56,30.69,29.09,28.38,27.12,27.38,28.71,30.13,28.74,27.25
169,29.5,30.69,28.96,28.31,27,27.38,28.64,30.1,28.64,27.19
169.25,29.44,30.62,29.02,28.25,27,27.31,28.61,30.03,28.64,27.16
169.5,29.44,30.56,28.96,28.25,26.94,27.31,28.58,30,28.61,27.13
169.75,29.38,30.56,28.84,28.19,26.94,27.25,28.53,29.97,28.52,27.1
170,29.31,30.44,28.77,28.12,26.88,27.19,28.46,29.88,28.45,27.04
170.25,29.25,30.44,28.77,28.06,26.81,27.19,28.42,29.85,28.42,27
170.5,29.19,30.38,28.71,28,26.81,27.12,28.37,29.79,28.36,26.97
170.75,29.12,30.31,28.65,28,26.75,27.06,28.32,29.72,28.33,26.91
171,29.06,30.19,28.65,28,26.69,27,28.27,29.63,28.33,26.85
171.25,29.06,30.19,28.59,27.94,26.62,27,28.24,29.63,28.27,26.81
171.5,29.06,30.12,28.52,27.81,26.62,26.94,28.18,29.59,28.17,26.78
171.75,29,30.12,28.52,27.81,26.56,26.88,28.15,29.56,28.17,26.72
172,28.94,30.06,28.46,27.75,26.56,26.81,28.1,29.5,28.11,26.69
172.25,28.88,30,28.4,27.75,26.5,26.81,28.06,29.44,28.08,26.66
172.5,28.81,29.94,28.4,27.69,26.44,26.75,28.01,29.38,28.05,26.6
172.75,28.75,29.88,28.27,27.62,26.38,26.75,27.95,29.32,27.95,26.57
173,28.69,29.75,28.21,27.56,26.38,26.69,27.88,29.22,27.89,26.54
173.25,28.62,29.75,28.21,27.56,26.25,26.62,27.84,29.19,27.89,26.44
173.5,28.62,29.69,28.15,27.5,26.25,26.56,27.8,29.16,27.83,26.41
173.75,28.56,29.62,28.09,27.5,26.19,26.5,27.75,29.09,27.8,26.35
174,28.5,29.62,28.09,27.38,26.19,26.44,27.71,29.06,27.74,26.32
174.25,28.44,29.56,27.96,27.38,26.19,26.44,27.66,29,27.67,26.32
174.5,28.38,29.44,27.96,27.31,26.06,26.38,27.59,28.91,27.64,26.22
174.75,28.31,29.44,27.9,27.25,26.06,26.31,27.55,28.88,27.58,26.19
175,28.25,29.38,27.84,27.25,26,26.31,27.51,28.82,27.55,26.16
175.25,28.19,29.31,27.77,27.19,26,26.19,27.44,28.75,27.48,26.1
175.5,28.12,29.25,27.71,27.19,25.94,26.19,27.4,28.69,27.45,26.07
175.75,28.12,29.25,27.65,27.06,25.94,26.12,27.36,28.69,27.36,26.03
176,28.06,29.19,27.65,27,25.88,26.06,27.31,28.63,27.33,25.97
176.25,28,29.12,27.59,26.94,25.81,26.06,27.26,28.56,27.27,25.94
176.5,27.94,29.06,27.52,27,25.75,26,27.21,28.5,27.26,25.88
176.75,27.94,29,27.52,26.88,25.69,25.88,27.15,28.47,27.2,25.79
177,27.88,28.94,27.4,26.81,25.62,25.88,27.09,28.41,27.11,25.75
177.25,27.81,28.88,27.4,26.75,25.62,25.81,27.05,28.35,27.08,25.72
177.5,27.75,28.75,27.34,26.69,25.56,25.69,26.97,28.25,27.02,25.63
177.75,27.75,28.81,27.27,26.62,25.5,25.69,26.94,28.28,26.95,25.6
178,27.62,28.69,27.15,26.62,25.44,25.69,26.87,28.16,26.89,25.57
178.25,27.56,28.62,27.15,26.56,25.44,25.62,26.83,28.09,26.86,25.53
178.5,27.5,28.62,27.15,26.5,25.38,25.56,26.79,28.06,26.83,25.47
178.75,27.5,28.62,27.09,26.44,25.38,25.5,26.76,28.06,26.77,25.44
179,27.38,28.5,27.02,26.38,25.31,25.44,26.67,27.94,26.7,25.38
179.25,27.31,28.5,26.96,26.38,25.25,25.38,26.63,27.91,26.67,25.32
179.5,27.31,28.38,26.9,26.31,25.19,25.38,26.58,27.85,26.61,25.29
179.75,27.31,28.31,26.84,26.25,25.19,25.31,26.54,27.81,26.55,25.25
180,27.19,28.31,26.84,26.19,25.12,25.25,26.49,27.75,26.52,25.19
180.25,27.19,28.25,26.71,26.19,25.12,25.19,26.44,27.72,26.45,25.16
180.5,27.12,28.19,26.71,26.12,25.06,25.12,26.39,27.66,26.42,25.09
180.75,27.06,28.12,26.65,26.06,25,25.12,26.34,27.59,26.36,25.06
181,27,28,26.59,26,24.94,25.06,26.27,27.5,26.3,25
181.25,26.94,27.94,26.52,26,24.88,25,26.21,27.44,26.26,24.94
181.5,26.81,27.94,26.46,25.94,24.81,24.94,26.15,27.38,26.2,24.88
181.75,26.81,27.81,26.4,25.88,24.81,24.94,26.11,27.31,26.14,24.88
182,26.81,27.81,26.4,25.81,24.75,24.88,26.08,27.31,26.11,24.82
182.25,26.69,27.75,26.27,25.75,24.69,24.81,25.99,27.22,26.01,24.75
182.5,26.69,27.75,26.34,25.75,24.62,24.81,26,27.22,26.05,24.72
182.75,26.62,27.69,26.21,25.69,24.56,24.81,25.93,27.16,25.95,24.69
183,26.56,27.62,26.15,25.62,24.62,24.75,25.89,27.09,25.89,24.69
183.25,26.5,27.56,26.15,25.56,24.62,24.75,25.86,27.03,25.86,24.69
183.5,26.5,27.5,26.15,25.56,24.56,24.69,25.83,27,25.86,24.63
183.75,26.44,27.5,26.09,25.56,24.56,24.69,25.81,26.97,25.83,24.63
184,26.38,27.44,26.09,25.5,24.56,24.62,25.77,26.91,25.8,24.59
184.25,26.31,27.38,25.96,25.5,24.56,24.56,25.71,26.85,25.73,24.56
184.5,26.31,27.31,26.02,25.44,24.5,24.56,25.69,26.81,25.73,24.53
184.75,26.25,27.25,25.96,25.44,24.5,24.56,25.66,26.75,25.7,24.53
185,26.19,27.25,25.96,25.38,24.5,24.56,25.64,26.72,25.67,24.53
185.25,26.19,27.19,25.9,25.38,24.44,24.5,25.6,26.69,25.64,24.47
185.5,26.12,27.19,25.9,25.31,24.5,24.5,25.59,26.66,25.61,24.5
185.75,26.12,27.12,25.84,25.25,24.44,24.5,25.55,26.62,25.55,24.47
186,26.06,27.12,25.77,25.25,24.44,24.5,25.52,26.59,25.51,24.47
186.25,26,27.06,25.84,25.19,24.44,24.44,25.5,26.53,25.52,24.44
186.5,26,27,25.71,25.19,24.44,24.44,25.46,26.5,25.45,24.44
186.75,25.94,27,25.71,25.25,24.44,24.44,25.46,26.47,25.48,24.44
187,25.94,26.94,25.71,25.19,24.38,24.38,25.42,26.44,25.45,24.38
187.25,25.94,26.94,25.65,25.19,24.38,24.38,25.41,26.44,25.42,24.38
187.5,25.81,26.88,25.65,25.06,24.38,24.38,25.36,26.35,25.36,24.38
187.75,25.81,26.88,25.65,25.12,24.38,24.38,25.37,26.35,25.39,24.38
188,25.81,26.81,25.65,25.06,24.38,24.31,25.34,26.31,25.36,24.35
188.25,25.75,26.75,25.59,25.06,24.31,24.31,25.3,26.25,25.33,24.31
188.5,25.75,26.75,25.59,25,24.31,24.31,25.29,26.25,25.3,24.31
188.75,25.69,26.69,25.59,25,24.31,24.25,25.26,26.19,25.3,24.28
189,25.69,26.69,25.52,24.94,24.31,24.25,25.23,26.19,25.23,24.28
189.25,25.69,26.69,25.52,24.94,24.31,24.31,25.24,26.19,25.23,24.31
189.5,25.62,26.62,25.52,25,24.25,24.19,25.2,26.12,25.26,24.22
189.75,25.62,26.62,25.52,24.94,24.19,24.25,25.19,26.12,25.23,24.22
190,25.56,26.56,25.46,24.94,24.25,24.19,25.16,26.06,25.2,24.22
190.25,25.56,26.56,25.46,24.88,24.25,24.19,25.15,26.06,25.17,24.22
190.5,25.56,26.5,25.46,24.88,24.25,24.25,25.15,26.03,25.17,24.25
190.75,25.5,26.5,25.4,24.88,24.25,24.19,25.12,26,25.14,24.22
191,25.44,26.44,25.4,24.81,24.19,24.19,25.08,25.94,25.11,24.19
191.25,25.44,26.44,25.34,24.81,24.19,24.19,25.07,25.94,25.08,24.19
191.5,25.38,26.38,25.4,24.81,24.19,24.19,25.06,25.88,25.11,24.19
191.75,25.38,26.44,25.4,24.75,24.12,24.12,25.04,25.91,25.08,24.12
192,25.38,26.38,25.27,24.81,24.19,24.12,25.03,25.88,25.04,24.16
192.25,25.31,26.31,25.27,24.75,24.12,24.06,24.97,25.81,25.01,24.09
192.5,25.31,26.38,25.27,24.81,24.12,24.06,24.99,25.85,25.04,24.09
192.75,25.31,26.31,25.27,24.69,24.12,24,24.95,25.81,24.98,24.06
193,25.25,26.25,25.21,24.69,24.06,24,24.91,25.75,24.95,24.03
193.25,25.25,26.25,25.21,24.75,24.06,24,24.92,25.75,24.98,24.03
193.5,25.25,26.19,25.15,24.69,24.06,24,24.89,25.72,24.92,24.03
193.75,25.19,26.19,25.15,24.69,24.06,23.94,24.87,25.69,24.92,24
194,25.19,26.19,25.15,24.62,24.06,23.94,24.86,25.69,24.89,24
194.25,25.12,26.19,25.15,24.69,24,23.94,24.85,25.66,24.92,23.97
194.5,25.12,26.12,25.09,24.62,24,23.88,24.81,25.62,24.86,23.94
194.75,25.12,26.12,25.09,24.56,24,23.94,24.81,25.62,24.83,23.97
195,25.12,26.06,25.02,24.62,23.94,23.94,24.78,25.59,24.82,23.94
195.25,25.06,26.06,25.09,24.62,23.94,23.88,24.78,25.56,24.86,23.91
195.5,25.06,26,25.02,24.56,23.94,23.81,24.73,25.53,24.79,23.88
195.75,25,26.06,25.02,24.56,23.88,23.88,24.73,25.53,24.79,23.88
196,25.06,26,24.96,24.5,23.88,23.81,24.7,25.53,24.73,23.85
196.25,25,25.94,24.9,24.5,23.81,23.75,24.65,25.47,24.7,23.78
196.5,25,25.94,24.96,24.5,23.88,23.75,24.67,25.47,24.73,23.82
196.75,24.94,25.94,24.9,24.5,23.81,23.75,24.64,25.44,24.7,23.78
197,24.88,25.81,24.9,24.44,23.81,23.69,24.59,25.35,24.67,23.75
197.25,24.88,25.81,24.9,24.38,23.75,23.69,24.57,25.35,24.64,23.72
197.5,24.88,25.75,24.84,24.38,23.75,23.62,24.54,25.32,24.61,23.69
197.75,24.88,25.81,24.84,24.38,23.75,23.62,24.55,25.35,24.61,23.69
198,24.81,25.69,24.77,24.38,23.69,23.62,24.5,25.25,24.58,23.66
198.25,24.75,25.75,24.71,24.31,23.69,23.56,24.46,25.25,24.51,23.63
198.5,24.75,25.69,24.71,24.31,23.69,23.56,24.45,25.22,24.51,23.63
198.75,24.75,25.69,24.71,24.25,23.69,23.56,24.44,25.22,24.48,23.63
199,24.69,25.62,24.71,24.19,23.62,23.5,24.39,25.16,24.45,23.56
199.25,24.69,25.69,24.59,24.19,23.56,23.56,24.38,25.19,24.39,23.56
199.5,24.69,25.62,24.65,24.19,23.56,23.5,24.37,25.16,24.42,23.53
199.75,24.69,25.56,24.59,24.19,23.56,23.44,24.34,25.13,24.39,23.5
200,24.56,25.56,24.59,24.12,23.5,23.44,24.3,25.06,24.36,23.47